OrderID,OrderDate,CustomerID,CustomerName,EmployeeID,EmployeeName,ProductID,ProductName,CategoryName,SupplierName,UnitPrice,Quantity,Discount,ExtendedPrice
84,2023-05-08 13:16:03,XD592,浙大万朋科技有限公司信息技术,2,玉梅 王,8,华为 智能加湿器 Elite,智能加湿器,华为智能生活,3884.73,15,0.15,49530.31
84,2023-05-08 13:16:03,XD592,浙大万朋科技有限公司信息技术,2,玉梅 王,6,谷歌 智能体重秤 Pro,智能体重秤,谷歌智能设备,411.74,6,0.05,2346.92
84,2023-05-08 13:16:03,XD592,浙大万朋科技有限公司信息技术,2,玉梅 王,4,苹果 智能空气净化器 Mini,智能空气净化器,苹果智能家庭,1825.31,10,0.0,18253.1
72,2023-05-11 02:44:56,VO164,九方科技有限公司移动应用开发,3,阳 曾,9,LG 智能灯具 Advanced,智能灯具,LG智能家电,577.92,4,0.2,1849.34
72,2023-05-11 02:44:56,VO164,九方科技有限公司移动应用开发,3,阳 曾,6,谷歌 智能体重秤 Pro,智能体重秤,谷歌智能设备,408.56,13,0.2,4249.02
2,2023-05-12 10:29:46,CH868,菊风公司网络有限公司生物科技,1,建华 孙,9,LG 智能灯具 Advanced,智能灯具,LG智能家电,571.81,10,0.0,5718.1
2,2023-05-12 10:29:46,CH868,菊风公司网络有限公司生物科技,1,建华 孙,7,小米 智能摄像头 Plus,智能摄像头,小米智能家居,9450.12,20,0.05,179552.28
2,2023-05-12 10:29:46,CH868,菊风公司网络有限公司生物科技,1,建华 孙,4,苹果 智能空气净化器 Mini,智能空气净化器,苹果智能家庭,1863.13,17,0.0,31673.21
2,2023-05-12 10:29:46,CH868,菊风公司网络有限公司生物科技,1,建华 孙,3,索尼 智能空气净化器 Standard,智能空气净化器,索尼智能科技,2787.48,16,0.1,40139.71
2,2023-05-12 10:29:46,CH868,菊风公司网络有限公司生物科技,1,建华 孙,1,亚马逊 智能洗衣机 Lite,智能洗衣机,亚马逊智能科技,716.39,5,0.0,3581.95
65,2023-05-25 09:36:44,BX106,易动力科技有限公司金融科技,2,玉梅 王,10,西门子 智能冰箱 Elite,智能冰箱,西门子智能家居,7931.64,7,0.15,47193.26
65,2023-05-25 09:36:44,BX106,易动力科技有限公司金融科技,2,玉梅 王,9,LG 智能灯具 Advanced,智能灯具,LG智能家电,590.18,14,0.1,7436.27
65,2023-05-25 09:36:44,BX106,易动力科技有限公司金融科技,2,玉梅 王,7,小米 智能摄像头 Plus,智能摄像头,小米智能家居,8749.17,2,0.1,15748.51
65,2023-05-25 09:36:44,BX106,易动力科技有限公司金融科技,2,玉梅 王,3,索尼 智能空气净化器 Standard,智能空气净化器,索尼智能科技,2711.43,19,0.05,48941.31
65,2023-05-25 09:36:44,BX106,易动力科技有限公司金融科技,2,玉梅 王,2,海尔智慧家庭 智能插座 Ultra,智能插座,海尔智慧家庭,2385.14,2,0.15,4054.74
86,2023-06-15 03:32:41,BY082,商软冠联传媒有限公司金融科技,3,阳 曾,3,索尼 智能空气净化器 Standard,智能空气净化器,索尼智能科技,2592.85,12,0.05,29558.49
61,2023-06-20 17:46:55,FI602,天开传媒有限公司信息技术,2,玉梅 王,10,西门子 智能冰箱 Elite,智能冰箱,西门子智能家居,7977.1,18,0.0,143587.8
61,2023-06-20 17:46:55,FI602,天开传媒有限公司信息技术,2,玉梅 王,8,华为 智能加湿器 Elite,智能加湿器,华为智能生活,3763.55,11,0.2,33119.24
61,2023-06-20 17:46:55,FI602,天开传媒有限公司信息技术,2,玉梅 王,4,苹果 智能空气净化器 Mini,智能空气净化器,苹果智能家庭,1866.77,15,0.1,25201.39
61,2023-06-20 17:46:55,FI602,天开传媒有限公司信息技术,2,玉梅 王,2,海尔智慧家庭 智能插座 Ultra,智能插座,海尔智慧家庭,2295.86,1,0.05,2181.07
61,2023-06-20 17:46:55,FI602,天开传媒有限公司信息技术,2,玉梅 王,1,亚马逊 智能洗衣机 Lite,智能洗衣机,亚马逊智能科技,746.12,14,0.2,8356.54
46,2023-06-25 07:59:05,EY913,南康科技有限公司区块链技术,1,建华 孙,9,LG 智能灯具 Advanced,智能灯具,LG智能家电,574.73,1,0.0,574.73
46,2023-06-25 07:59:05,EY913,南康科技有限公司区块链技术,1,建华 孙,1,亚马逊 智能洗衣机 Lite,智能洗衣机,亚马逊智能科技,713.11,8,0.15,4849.15
87,2023-07-03 05:42:02,DO811,联软传媒有限公司移动应用开发,3,阳 曾,9,LG 智能灯具 Advanced,智能灯具,LG智能家电,575.28,3,0.15,1466.96
87,2023-07-03 05:42:02,DO811,联软传媒有限公司移动应用开发,3,阳 曾,3,索尼 智能空气净化器 Standard,智能空气净化器,索尼智能科技,2635.86,8,0.0,21086.88
70,2023-07-06 21:54:40,UX029,良诺传媒有限公司云计算,3,阳 曾,9,LG 智能灯具 Advanced,智能灯具,LG智能家电,607.34,12,0.2,5830.46
70,2023-07-06 21:54:40,UX029,良诺传媒有限公司云计算,3,阳 曾,7,小米 智能摄像头 Plus,智能摄像头,小米智能家居,9414.17,13,0.0,122384.21
70,2023-07-06 21:54:40,UX029,良诺传媒有限公司云计算,3,阳 曾,6,谷歌 智能体重秤 Pro,智能体重秤,谷歌智能设备,410.68,14,0.15,4887.09
70,2023-07-06 21:54:40,UX029,良诺传媒有限公司云计算,3,阳 曾,4,苹果 智能空气净化器 Mini,智能空气净化器,苹果智能家庭,1834.89,4,0.0,7339.56
70,2023-07-06 21:54:40,UX029,良诺传媒有限公司云计算,3,阳 曾,1,亚马逊 智能洗衣机 Lite,智能洗衣机,亚马逊智能科技,708.29,3,0.05,2018.63
68,2023-07-09 04:49:01,NC742,明腾科技有限公司物联网,2,玉梅 王,3,索尼 智能空气净化器 Standard,智能空气净化器,索尼智能科技,2678.19,1,0.2,2142.55
89,2023-07-25 07:33:52,DO811,联软传媒有限公司移动应用开发,2,玉梅 王,1,亚马逊 智能洗衣机 Lite,智能洗衣机,亚马逊智能科技,740.35,19,0.0,14066.65
76,2023-08-03 18:15:01,BX106,易动力科技有限公司金融科技,1,建华 孙,10,西门子 智能冰箱 Elite,智能冰箱,西门子智能家居,8694.66,10,0.15,73904.61
76,2023-08-03 18:15:01,BX106,易动力科技有限公司金融科技,1,建华 孙,7,小米 智能摄像头 Plus,智能摄像头,小米智能家居,9238.94,5,0.0,46194.7
76,2023-08-03 18:15:01,BX106,易动力科技有限公司金融科技,1,建华 孙,3,索尼 智能空气净化器 Standard,智能空气净化器,索尼智能科技,2731.8,9,0.05,23356.89
76,2023-08-03 18:15:01,BX106,易动力科技有限公司金融科技,1,建华 孙,2,海尔智慧家庭 智能插座 Ultra,智能插座,海尔智慧家庭,2465.97,16,0.2,31564.42
27,2023-08-09 19:12:52,BX106,易动力科技有限公司金融科技,2,玉梅 王,10,西门子 智能冰箱 Elite,智能冰箱,西门子智能家居,8448.65,3,0.05,24078.65
27,2023-08-09 19:12:52,BX106,易动力科技有限公司金融科技,2,玉梅 王,2,海尔智慧家庭 智能插座 Ultra,智能插座,海尔智慧家庭,2279.77,3,0.1,6155.38
73,2023-08-12 05:13:56,EB114,华泰通安科技有限公司网络安全,3,阳 曾,3,索尼 智能空气净化器 Standard,智能空气净化器,索尼智能科技,2657.2,1,0.1,2391.48
95,2023-08-12 19:00:07,II197,昂歌信息信息有限公司生物科技,3,阳 曾,7,小米 智能摄像头 Plus,智能摄像头,小米智能家居,8814.17,18,0.15,134856.8
95,2023-08-12 19:00:07,II197,昂歌信息信息有限公司生物科技,3,阳 曾,6,谷歌 智能体重秤 Pro,智能体重秤,谷歌智能设备,395.61,20,0.1,7120.98
95,2023-08-12 19:00:07,II197,昂歌信息信息有限公司生物科技,3,阳 曾,3,索尼 智能空气净化器 Standard,智能空气净化器,索尼智能科技,2812.05,12,0.0,33744.6
95,2023-08-12 19:00:07,II197,昂歌信息信息有限公司生物科技,3,阳 曾,1,亚马逊 智能洗衣机 Lite,智能洗衣机,亚马逊智能科技,719.85,14,0.2,8062.32
58,2023-08-18 02:58:00,VF666,商软冠联信息有限公司生物科技,1,建华 孙,10,西门子 智能冰箱 Elite,智能冰箱,西门子智能家居,8655.67,7,0.15,51501.24
58,2023-08-18 02:58:00,VF666,商软冠联信息有限公司生物科技,1,建华 孙,9,LG 智能灯具 Advanced,智能灯具,LG智能家电,572.19,8,0.0,4577.52
58,2023-08-18 02:58:00,VF666,商软冠联信息有限公司生物科技,1,建华 孙,6,谷歌 智能体重秤 Pro,智能体重秤,谷歌智能设备,391.79,16,0.1,5641.78
58,2023-08-18 02:58:00,VF666,商软冠联信息有限公司生物科技,1,建华 孙,4,苹果 智能空气净化器 Mini,智能空气净化器,苹果智能家庭,1795.03,19,0.0,34105.57
10,2023-08-25 20:28:28,NK179,同兴万点传媒有限公司虚拟现实,3,阳 曾,10,西门子 智能冰箱 Elite,智能冰箱,西门子智能家居,8081.45,16,0.2,103442.56
10,2023-08-25 20:28:28,NK179,同兴万点传媒有限公司虚拟现实,3,阳 曾,3,索尼 智能空气净化器 Standard,智能空气净化器,索尼智能科技,2647.9,20,0.0,52958.0
10,2023-08-25 20:28:28,NK179,同兴万点传媒有限公司虚拟现实,3,阳 曾,2,海尔智慧家庭 智能插座 Ultra,智能插座,海尔智慧家庭,2282.88,14,0.1,28764.29
43,2023-09-01 22:56:18,BX106,易动力科技有限公司金融科技,1,建华 孙,10,西门子 智能冰箱 Elite,智能冰箱,西门子智能家居,7935.57,18,0.2,114272.21
43,2023-09-01 22:56:18,BX106,易动力科技有限公司金融科技,1,建华 孙,9,LG 智能灯具 Advanced,智能灯具,LG智能家电,591.56,6,0.2,2839.49
36,2023-09-02 23:24:47,EY913,南康科技有限公司区块链技术,2,玉梅 王,10,西门子 智能冰箱 Elite,智能冰箱,西门子智能家居,7953.07,13,0.05,98220.41
36,2023-09-02 23:24:47,EY913,南康科技有限公司区块链技术,2,玉梅 王,9,LG 智能灯具 Advanced,智能灯具,LG智能家电,605.26,18,0.2,8715.74
36,2023-09-02 23:24:47,EY913,南康科技有限公司区块链技术,2,玉梅 王,7,小米 智能摄像头 Plus,智能摄像头,小米智能家居,8894.68,9,0.2,64041.7
77,2023-09-07 20:45:49,YH173,网新恒天科技有限公司数字科技,2,玉梅 王,9,LG 智能灯具 Advanced,智能灯具,LG智能家电,589.34,1,0.15,500.94
77,2023-09-07 20:45:49,YH173,网新恒天科技有限公司数字科技,2,玉梅 王,7,小米 智能摄像头 Plus,智能摄像头,小米智能家居,9095.72,16,0.05,138254.94
77,2023-09-07 20:45:49,YH173,网新恒天科技有限公司数字科技,2,玉梅 王,6,谷歌 智能体重秤 Pro,智能体重秤,谷歌智能设备,374.71,15,0.2,4496.52
4,2023-09-19 18:41:30,DO811,联软传媒有限公司移动应用开发,2,玉梅 王,10,西门子 智能冰箱 Elite,智能冰箱,西门子智能家居,8418.7,5,0.15,35779.47
4,2023-09-19 18:41:30,DO811,联软传媒有限公司移动应用开发,2,玉梅 王,9,LG 智能灯具 Advanced,智能灯具,LG智能家电,615.76,13,0.05,7604.64
4,2023-09-19 18:41:30,DO811,联软传媒有限公司移动应用开发,2,玉梅 王,8,华为 智能加湿器 Elite,智能加湿器,华为智能生活,3852.49,1,0.1,3467.24
4,2023-09-19 18:41:30,DO811,联软传媒有限公司移动应用开发,2,玉梅 王,6,谷歌 智能体重秤 Pro,智能体重秤,谷歌智能设备,402.8,4,0.1,1450.08
4,2023-09-19 18:41:30,DO811,联软传媒有限公司移动应用开发,2,玉梅 王,1,亚马逊 智能洗衣机 Lite,智能洗衣机,亚马逊智能科技,744.34,4,0.15,2530.76
80,2023-09-20 19:10:40,XD592,浙大万朋科技有限公司信息技术,2,玉梅 王,9,LG 智能灯具 Advanced,智能灯具,LG智能家电,578.46,8,0.0,4627.68
80,2023-09-20 19:10:40,XD592,浙大万朋科技有限公司信息技术,2,玉梅 王,4,苹果 智能空气净化器 Mini,智能空气净化器,苹果智能家庭,1753.92,13,0.2,18240.77
66,2023-09-21 06:26:47,EY913,南康科技有限公司区块链技术,1,建华 孙,8,华为 智能加湿器 Elite,智能加湿器,华为智能生活,3707.63,3,0.1,10010.6
66,2023-09-21 06:26:47,EY913,南康科技有限公司区块链技术,1,建华 孙,3,索尼 智能空气净化器 Standard,智能空气净化器,索尼智能科技,2699.73,4,0.2,8639.14
62,2023-10-02 08:33:14,BY082,商软冠联传媒有限公司金融科技,2,玉梅 王,7,小米 智能摄像头 Plus,智能摄像头,小米智能家居,9509.61,3,0.05,27102.39
62,2023-10-02 08:33:14,BY082,商软冠联传媒有限公司金融科技,2,玉梅 王,4,苹果 智能空气净化器 Mini,智能空气净化器,苹果智能家庭,1796.07,16,0.2,22989.7
45,2023-10-12 03:58:22,EB114,华泰通安科技有限公司网络安全,3,阳 曾,6,谷歌 智能体重秤 Pro,智能体重秤,谷歌智能设备,376.83,9,0.1,3052.32
45,2023-10-12 03:58:22,EB114,华泰通安科技有限公司网络安全,3,阳 曾,4,苹果 智能空气净化器 Mini,智能空气净化器,苹果智能家庭,1797.55,14,0.2,20132.56
45,2023-10-12 03:58:22,EB114,华泰通安科技有限公司网络安全,3,阳 曾,3,索尼 智能空气净化器 Standard,智能空气净化器,索尼智能科技,2780.2,17,0.1,42537.06
53,2023-10-17 13:40:50,NC742,明腾科技有限公司物联网,1,建华 孙,10,西门子 智能冰箱 Elite,智能冰箱,西门子智能家居,8270.91,16,0.05,125717.83
53,2023-10-17 13:40:50,NC742,明腾科技有限公司物联网,1,建华 孙,8,华为 智能加湿器 Elite,智能加湿器,华为智能生活,3751.66,7,0.1,23635.46
53,2023-10-17 13:40:50,NC742,明腾科技有限公司物联网,1,建华 孙,7,小米 智能摄像头 Plus,智能摄像头,小米智能家居,9113.56,4,0.05,34631.53
53,2023-10-17 13:40:50,NC742,明腾科技有限公司物联网,1,建华 孙,3,索尼 智能空气净化器 Standard,智能空气净化器,索尼智能科技,2760.65,3,0.2,6625.56
53,2023-10-17 13:40:50,NC742,明腾科技有限公司物联网,1,建华 孙,2,海尔智慧家庭 智能插座 Ultra,智能插座,海尔智慧家庭,2280.55,2,0.15,3876.93
79,2023-10-19 19:57:33,EY913,南康科技有限公司区块链技术,1,建华 孙,8,华为 智能加湿器 Elite,智能加湿器,华为智能生活,3756.43,13,0.2,39066.87
79,2023-10-19 19:57:33,EY913,南康科技有限公司区块链技术,1,建华 孙,7,小米 智能摄像头 Plus,智能摄像头,小米智能家居,9390.35,1,0.0,9390.35
51,2023-11-11 10:04:14,YH173,网新恒天科技有限公司数字科技,3,阳 曾,3,索尼 智能空气净化器 Standard,智能空气净化器,索尼智能科技,2722.26,16,0.15,37022.74
52,2023-11-11 23:07:07,II197,昂歌信息信息有限公司生物科技,1,建华 孙,8,华为 智能加湿器 Elite,智能加湿器,华为智能生活,3576.63,17,0.05,57762.57
52,2023-11-11 23:07:07,II197,昂歌信息信息有限公司生物科技,1,建华 孙,6,谷歌 智能体重秤 Pro,智能体重秤,谷歌智能设备,397.4,12,0.1,4291.92
52,2023-11-11 23:07:07,II197,昂歌信息信息有限公司生物科技,1,建华 孙,3,索尼 智能空气净化器 Standard,智能空气净化器,索尼智能科技,2702.57,8,0.05,20539.53
52,2023-11-11 23:07:07,II197,昂歌信息信息有限公司生物科技,1,建华 孙,2,海尔智慧家庭 智能插座 Ultra,智能插座,海尔智慧家庭,2358.08,2,0.05,4480.35
52,2023-11-11 23:07:07,II197,昂歌信息信息有限公司生物科技,1,建华 孙,1,亚马逊 智能洗衣机 Lite,智能洗衣机,亚马逊智能科技,763.74,1,0.05,725.55
30,2023-11-24 07:15:04,NK179,同兴万点传媒有限公司虚拟现实,2,玉梅 王,9,LG 智能灯具 Advanced,智能灯具,LG智能家电,597.82,1,0.2,478.26
30,2023-11-24 07:15:04,NK179,同兴万点传媒有限公司虚拟现实,2,玉梅 王,7,小米 智能摄像头 Plus,智能摄像头,小米智能家居,9343.92,7,0.2,52325.95
30,2023-11-24 07:15:04,NK179,同兴万点传媒有限公司虚拟现实,2,玉梅 王,6,谷歌 智能体重秤 Pro,智能体重秤,谷歌智能设备,407.76,6,0.1,2201.9
30,2023-11-24 07:15:04,NK179,同兴万点传媒有限公司虚拟现实,2,玉梅 王,3,索尼 智能空气净化器 Standard,智能空气净化器,索尼智能科技,2772.05,2,0.2,4435.28
90,2023-11-29 06:25:23,DO811,联软传媒有限公司移动应用开发,1,建华 孙,7,小米 智能摄像头 Plus,智能摄像头,小米智能家居,9467.16,1,0.1,8520.44
90,2023-11-29 06:25:23,DO811,联软传媒有限公司移动应用开发,1,建华 孙,4,苹果 智能空气净化器 Mini,智能空气净化器,苹果智能家庭,1881.33,15,0.05,26808.95
90,2023-11-29 06:25:23,DO811,联软传媒有限公司移动应用开发,1,建华 孙,3,索尼 智能空气净化器 Standard,智能空气净化器,索尼智能科技,2595.9,3,0.05,7398.31
1,2023-12-05 05:03:41,HI563,济南亿次元传媒有限公司云计算,2,玉梅 王,9,LG 智能灯具 Advanced,智能灯具,LG智能家电,582.87,7,0.0,4080.09
1,2023-12-05 05:03:41,HI563,济南亿次元传媒有限公司云计算,2,玉梅 王,7,小米 智能摄像头 Plus,智能摄像头,小米智能家居,8756.28,20,0.15,148856.76
1,2023-12-05 05:03:41,HI563,济南亿次元传媒有限公司云计算,2,玉梅 王,6,谷歌 智能体重秤 Pro,智能体重秤,谷歌智能设备,384.34,18,0.05,6572.21
1,2023-12-05 05:03:41,HI563,济南亿次元传媒有限公司云计算,2,玉梅 王,4,苹果 智能空气净化器 Mini,智能空气净化器,苹果智能家庭,1791.28,7,0.05,11912.01
1,2023-12-05 05:03:41,HI563,济南亿次元传媒有限公司云计算,2,玉梅 王,2,海尔智慧家庭 智能插座 Ultra,智能插座,海尔智慧家庭,2462.14,10,0.2,19697.12
85,2023-12-05 14:54:52,BX106,易动力科技有限公司金融科技,1,建华 孙,10,西门子 智能冰箱 Elite,智能冰箱,西门子智能家居,8242.05,11,0.1,81596.29
85,2023-12-05 14:54:52,BX106,易动力科技有限公司金融科技,1,建华 孙,8,华为 智能加湿器 Elite,智能加湿器,华为智能生活,3721.24,11,0.2,32746.91
85,2023-12-05 14:54:52,BX106,易动力科技有限公司金融科技,1,建华 孙,4,苹果 智能空气净化器 Mini,智能空气净化器,苹果智能家庭,1814.54,12,0.2,17419.58
85,2023-12-05 14:54:52,BX106,易动力科技有限公司金融科技,1,建华 孙,2,海尔智慧家庭 智能插座 Ultra,智能插座,海尔智慧家庭,2357.94,8,0.05,17920.34
85,2023-12-05 14:54:52,BX106,易动力科技有限公司金融科技,1,建华 孙,1,亚马逊 智能洗衣机 Lite,智能洗衣机,亚马逊智能科技,698.26,14,0.05,9286.86
5,2023-12-14 23:04:47,CH868,菊风公司网络有限公司生物科技,1,建华 孙,6,谷歌 智能体重秤 Pro,智能体重秤,谷歌智能设备,388.2,14,0.05,5163.06
57,2023-12-19 18:11:39,DO811,联软传媒有限公司移动应用开发,1,建华 孙,8,华为 智能加湿器 Elite,智能加湿器,华为智能生活,3784.28,19,0.15,61116.12
57,2023-12-19 18:11:39,DO811,联软传媒有限公司移动应用开发,1,建华 孙,3,索尼 智能空气净化器 Standard,智能空气净化器,索尼智能科技,2739.69,19,0.0,52054.11
57,2023-12-19 18:11:39,DO811,联软传媒有限公司移动应用开发,1,建华 孙,2,海尔智慧家庭 智能插座 Ultra,智能插座,海尔智慧家庭,2309.64,15,0.1,31180.14
57,2023-12-19 18:11:39,DO811,联软传媒有限公司移动应用开发,1,建华 孙,1,亚马逊 智能洗衣机 Lite,智能洗衣机,亚马逊智能科技,695.53,11,0.15,6503.21
64,2023-12-24 01:31:00,XD592,浙大万朋科技有限公司信息技术,3,阳 曾,10,西门子 智能冰箱 Elite,智能冰箱,西门子智能家居,8671.18,8,0.05,65900.97
64,2023-12-24 01:31:00,XD592,浙大万朋科技有限公司信息技术,3,阳 曾,3,索尼 智能空气净化器 Standard,智能空气净化器,索尼智能科技,2808.54,14,0.2,31455.65
64,2023-12-24 01:31:00,XD592,浙大万朋科技有限公司信息技术,3,阳 曾,2,海尔智慧家庭 智能插座 Ultra,智能插座,海尔智慧家庭,2273.9,16,0.0,36382.4
44,2024-01-02 07:21:40,VF666,商软冠联信息有限公司生物科技,2,玉梅 王,10,西门子 智能冰箱 Elite,智能冰箱,西门子智能家居,8652.52,19,0.0,164397.88
44,2024-01-02 07:21:40,VF666,商软冠联信息有限公司生物科技,2,玉梅 王,9,LG 智能灯具 Advanced,智能灯具,LG智能家电,591.63,9,0.0,5324.67
44,2024-01-02 07:21:40,VF666,商软冠联信息有限公司生物科技,2,玉梅 王,6,谷歌 智能体重秤 Pro,智能体重秤,谷歌智能设备,401.96,1,0.05,381.86
44,2024-01-02 07:21:40,VF666,商软冠联信息有限公司生物科技,2,玉梅 王,1,亚马逊 智能洗衣机 Lite,智能洗衣机,亚马逊智能科技,705.74,9,0.15,5398.91
32,2024-01-16 00:29:16,FI602,天开传媒有限公司信息技术,2,玉梅 王,8,华为 智能加湿器 Elite,智能加湿器,华为智能生活,3838.56,20,0.2,61416.96
32,2024-01-16 00:29:16,FI602,天开传媒有限公司信息技术,2,玉梅 王,4,苹果 智能空气净化器 Mini,智能空气净化器,苹果智能家庭,1808.04,14,0.2,20250.05
32,2024-01-16 00:29:16,FI602,天开传媒有限公司信息技术,2,玉梅 王,3,索尼 智能空气净化器 Standard,智能空气净化器,索尼智能科技,2767.8,7,0.0,19374.6
32,2024-01-16 00:29:16,FI602,天开传媒有限公司信息技术,2,玉梅 王,2,海尔智慧家庭 智能插座 Ultra,智能插座,海尔智慧家庭,2445.13,14,0.2,27385.46
20,2024-01-18 13:21:57,II197,昂歌信息信息有限公司生物科技,2,玉梅 王,9,LG 智能灯具 Advanced,智能灯具,LG智能家电,616.19,6,0.05,3512.28
91,2024-01-18 15:23:09,DO811,联软传媒有限公司移动应用开发,1,建华 孙,10,西门子 智能冰箱 Elite,智能冰箱,西门子智能家居,8261.11,12,0.15,84263.32
91,2024-01-18 15:23:09,DO811,联软传媒有限公司移动应用开发,1,建华 孙,9,LG 智能灯具 Advanced,智能灯具,LG智能家电,597.72,19,0.15,9653.18
91,2024-01-18 15:23:09,DO811,联软传媒有限公司移动应用开发,1,建华 孙,8,华为 智能加湿器 Elite,智能加湿器,华为智能生活,3718.8,15,0.0,55782.0
91,2024-01-18 15:23:09,DO811,联软传媒有限公司移动应用开发,1,建华 孙,4,苹果 智能空气净化器 Mini,智能空气净化器,苹果智能家庭,1727.48,17,0.05,27898.8
81,2024-02-01 14:52:21,UX029,良诺传媒有限公司云计算,3,阳 曾,10,西门子 智能冰箱 Elite,智能冰箱,西门子智能家居,8469.68,8,0.2,54205.95
81,2024-02-01 14:52:21,UX029,良诺传媒有限公司云计算,3,阳 曾,9,LG 智能灯具 Advanced,智能灯具,LG智能家电,602.84,7,0.0,4219.88
100,2024-02-02 21:48:27,HI563,济南亿次元传媒有限公司云计算,2,玉梅 王,10,西门子 智能冰箱 Elite,智能冰箱,西门子智能家居,8365.37,13,0.2,86999.85
100,2024-02-02 21:48:27,HI563,济南亿次元传媒有限公司云计算,2,玉梅 王,8,华为 智能加湿器 Elite,智能加湿器,华为智能生活,3887.49,4,0.15,13217.47
100,2024-02-02 21:48:27,HI563,济南亿次元传媒有限公司云计算,2,玉梅 王,6,谷歌 智能体重秤 Pro,智能体重秤,谷歌智能设备,375.47,18,0.05,6420.54
100,2024-02-02 21:48:27,HI563,济南亿次元传媒有限公司云计算,2,玉梅 王,4,苹果 智能空气净化器 Mini,智能空气净化器,苹果智能家庭,1785.9,9,0.2,12858.48
69,2024-02-05 14:42:04,HI563,济南亿次元传媒有限公司云计算,3,阳 曾,8,华为 智能加湿器 Elite,智能加湿器,华为智能生活,3617.5,8,0.2,23152.0
69,2024-02-05 14:42:04,HI563,济南亿次元传媒有限公司云计算,3,阳 曾,4,苹果 智能空气净化器 Mini,智能空气净化器,苹果智能家庭,1765.46,9,0.05,15094.68
69,2024-02-05 14:42:04,HI563,济南亿次元传媒有限公司云计算,3,阳 曾,3,索尼 智能空气净化器 Standard,智能空气净化器,索尼智能科技,2799.0,14,0.1,35267.4
31,2024-02-06 23:48:24,EB114,华泰通安科技有限公司网络安全,2,玉梅 王,8,华为 智能加湿器 Elite,智能加湿器,华为智能生活,3871.26,1,0.1,3484.13
31,2024-02-06 23:48:24,EB114,华泰通安科技有限公司网络安全,2,玉梅 王,7,小米 智能摄像头 Plus,智能摄像头,小米智能家居,9307.85,5,0.05,44212.29
31,2024-02-06 23:48:24,EB114,华泰通安科技有限公司网络安全,2,玉梅 王,6,谷歌 智能体重秤 Pro,智能体重秤,谷歌智能设备,400.37,8,0.0,3202.96
31,2024-02-06 23:48:24,EB114,华泰通安科技有限公司网络安全,2,玉梅 王,4,苹果 智能空气净化器 Mini,智能空气净化器,苹果智能家庭,1765.2,8,0.1,12709.44
63,2024-02-12 00:01:11,BY082,商软冠联传媒有限公司金融科技,2,玉梅 王,9,LG 智能灯具 Advanced,智能灯具,LG智能家电,563.09,3,0.1,1520.34
63,2024-02-12 00:01:11,BY082,商软冠联传媒有限公司金融科技,2,玉梅 王,7,小米 智能摄像头 Plus,智能摄像头,小米智能家居,9459.94,1,0.05,8986.94
63,2024-02-12 00:01:11,BY082,商软冠联传媒有限公司金融科技,2,玉梅 王,6,谷歌 智能体重秤 Pro,智能体重秤,谷歌智能设备,382.43,6,0.05,2179.85
63,2024-02-12 00:01:11,BY082,商软冠联传媒有限公司金融科技,2,玉梅 王,4,苹果 智能空气净化器 Mini,智能空气净化器,苹果智能家庭,1857.98,7,0.2,10404.69
74,2024-02-22 09:28:09,ER549,太极传媒有限公司信息技术,1,建华 孙,10,西门子 智能冰箱 Elite,智能冰箱,西门子智能家居,7921.22,2,0.2,12673.95
74,2024-02-22 09:28:09,ER549,太极传媒有限公司信息技术,1,建华 孙,7,小米 智能摄像头 Plus,智能摄像头,小米智能家居,9147.12,2,0.2,14635.39
74,2024-02-22 09:28:09,ER549,太极传媒有限公司信息技术,1,建华 孙,6,谷歌 智能体重秤 Pro,智能体重秤,谷歌智能设备,373.28,3,0.1,1007.86
74,2024-02-22 09:28:09,ER549,太极传媒有限公司信息技术,1,建华 孙,4,苹果 智能空气净化器 Mini,智能空气净化器,苹果智能家庭,1886.5,2,0.2,3018.4
13,2024-03-01 07:53:22,DO811,联软传媒有限公司移动应用开发,1,建华 孙,10,西门子 智能冰箱 Elite,智能冰箱,西门子智能家居,8401.77,20,0.0,168035.4
13,2024-03-01 07:53:22,DO811,联软传媒有限公司移动应用开发,1,建华 孙,4,苹果 智能空气净化器 Mini,智能空气净化器,苹果智能家庭,1784.97,13,0.1,20884.15
23,2024-03-01 17:05:37,FI602,天开传媒有限公司信息技术,3,阳 曾,7,小米 智能摄像头 Plus,智能摄像头,小米智能家居,9607.2,20,0.0,192144.0
23,2024-03-01 17:05:37,FI602,天开传媒有限公司信息技术,3,阳 曾,3,索尼 智能空气净化器 Standard,智能空气净化器,索尼智能科技,2765.18,2,0.2,4424.29
23,2024-03-01 17:05:37,FI602,天开传媒有限公司信息技术,3,阳 曾,2,海尔智慧家庭 智能插座 Ultra,智能插座,海尔智慧家庭,2290.14,9,0.1,18550.13
23,2024-03-01 17:05:37,FI602,天开传媒有限公司信息技术,3,阳 曾,1,亚马逊 智能洗衣机 Lite,智能洗衣机,亚马逊智能科技,760.31,8,0.0,6082.48
9,2024-03-07 10:07:38,VQ571,襄樊地球村网络有限公司物联网,2,玉梅 王,8,华为 智能加湿器 Elite,智能加湿器,华为智能生活,3693.9,2,0.05,7018.41
9,2024-03-07 10:07:38,VQ571,襄樊地球村网络有限公司物联网,2,玉梅 王,3,索尼 智能空气净化器 Standard,智能空气净化器,索尼智能科技,2572.92,4,0.0,10291.68
9,2024-03-07 10:07:38,VQ571,襄樊地球村网络有限公司物联网,2,玉梅 王,1,亚马逊 智能洗衣机 Lite,智能洗衣机,亚马逊智能科技,735.1,3,0.05,2095.03
17,2024-03-11 23:15:51,XD592,浙大万朋科技有限公司信息技术,1,建华 孙,10,西门子 智能冰箱 Elite,智能冰箱,西门子智能家居,8148.85,11,0.15,76191.75
17,2024-03-11 23:15:51,XD592,浙大万朋科技有限公司信息技术,1,建华 孙,9,LG 智能灯具 Advanced,智能灯具,LG智能家电,587.53,17,0.15,8489.81
17,2024-03-11 23:15:51,XD592,浙大万朋科技有限公司信息技术,1,建华 孙,8,华为 智能加湿器 Elite,智能加湿器,华为智能生活,3574.43,15,0.05,50935.63
17,2024-03-11 23:15:51,XD592,浙大万朋科技有限公司信息技术,1,建华 孙,7,小米 智能摄像头 Plus,智能摄像头,小米智能家居,9112.76,19,0.1,155828.2
3,2024-03-17 05:49:46,HI563,济南亿次元传媒有限公司云计算,3,阳 曾,10,西门子 智能冰箱 Elite,智能冰箱,西门子智能家居,8631.67,15,0.1,116527.54
42,2024-03-18 05:24:39,FI602,天开传媒有限公司信息技术,3,阳 曾,10,西门子 智能冰箱 Elite,智能冰箱,西门子智能家居,8624.89,5,0.1,38812.0
42,2024-03-18 05:24:39,FI602,天开传媒有限公司信息技术,3,阳 曾,8,华为 智能加湿器 Elite,智能加湿器,华为智能生活,3823.23,16,0.2,48937.34
42,2024-03-18 05:24:39,FI602,天开传媒有限公司信息技术,3,阳 曾,1,亚马逊 智能洗衣机 Lite,智能洗衣机,亚马逊智能科技,740.58,18,0.0,13330.44
25,2024-03-24 20:00:39,EB114,华泰通安科技有限公司网络安全,2,玉梅 王,3,索尼 智能空气净化器 Standard,智能空气净化器,索尼智能科技,2638.21,8,0.05,20050.4
56,2024-03-26 00:23:08,UX029,良诺传媒有限公司云计算,2,玉梅 王,10,西门子 智能冰箱 Elite,智能冰箱,西门子智能家居,8082.83,20,0.1,145490.94
56,2024-03-26 00:23:08,UX029,良诺传媒有限公司云计算,2,玉梅 王,6,谷歌 智能体重秤 Pro,智能体重秤,谷歌智能设备,379.88,20,0.05,7217.72
56,2024-03-26 00:23:08,UX029,良诺传媒有限公司云计算,2,玉梅 王,2,海尔智慧家庭 智能插座 Ultra,智能插座,海尔智慧家庭,2320.26,17,0.2,31555.54
56,2024-03-26 00:23:08,UX029,良诺传媒有限公司云计算,2,玉梅 王,1,亚马逊 智能洗衣机 Lite,智能洗衣机,亚马逊智能科技,747.74,11,0.0,8225.14
14,2024-04-11 13:06:49,II197,昂歌信息信息有限公司生物科技,3,阳 曾,10,西门子 智能冰箱 Elite,智能冰箱,西门子智能家居,7883.44,8,0.05,59914.14
14,2024-04-11 13:06:49,II197,昂歌信息信息有限公司生物科技,3,阳 曾,9,LG 智能灯具 Advanced,智能灯具,LG智能家电,602.38,9,0.05,5150.35
14,2024-04-11 13:06:49,II197,昂歌信息信息有限公司生物科技,3,阳 曾,8,华为 智能加湿器 Elite,智能加湿器,华为智能生活,3868.08,1,0.1,3481.27
14,2024-04-11 13:06:49,II197,昂歌信息信息有限公司生物科技,3,阳 曾,3,索尼 智能空气净化器 Standard,智能空气净化器,索尼智能科技,2796.63,8,0.0,22373.04
14,2024-04-11 13:06:49,II197,昂歌信息信息有限公司生物科技,3,阳 曾,2,海尔智慧家庭 智能插座 Ultra,智能插座,海尔智慧家庭,2393.5,16,0.2,30636.8
12,2024-04-20 14:41:49,BX106,易动力科技有限公司金融科技,1,建华 孙,9,LG 智能灯具 Advanced,智能灯具,LG智能家电,572.36,12,0.1,6181.49
12,2024-04-20 14:41:49,BX106,易动力科技有限公司金融科技,1,建华 孙,8,华为 智能加湿器 Elite,智能加湿器,华为智能生活,3763.99,10,0.0,37639.9
12,2024-04-20 14:41:49,BX106,易动力科技有限公司金融科技,1,建华 孙,4,苹果 智能空气净化器 Mini,智能空气净化器,苹果智能家庭,1824.63,12,0.2,17516.45
12,2024-04-20 14:41:49,BX106,易动力科技有限公司金融科技,1,建华 孙,2,海尔智慧家庭 智能插座 Ultra,智能插座,海尔智慧家庭,2360.94,2,0.2,3777.5
71,2024-04-29 01:12:42,XD592,浙大万朋科技有限公司信息技术,1,建华 孙,10,西门子 智能冰箱 Elite,智能冰箱,西门子智能家居,8498.46,20,0.05,161470.74
71,2024-04-29 01:12:42,XD592,浙大万朋科技有限公司信息技术,1,建华 孙,9,LG 智能灯具 Advanced,智能灯具,LG智能家电,591.75,6,0.2,2840.4
54,2024-04-29 01:51:02,NK179,同兴万点传媒有限公司虚拟现实,3,阳 曾,9,LG 智能灯具 Advanced,智能灯具,LG智能家电,562.06,2,0.0,1124.12
54,2024-04-29 01:51:02,NK179,同兴万点传媒有限公司虚拟现实,3,阳 曾,8,华为 智能加湿器 Elite,智能加湿器,华为智能生活,3675.55,13,0.05,45393.04
54,2024-04-29 01:51:02,NK179,同兴万点传媒有限公司虚拟现实,3,阳 曾,6,谷歌 智能体重秤 Pro,智能体重秤,谷歌智能设备,409.23,12,0.05,4665.22
54,2024-04-29 01:51:02,NK179,同兴万点传媒有限公司虚拟现实,3,阳 曾,4,苹果 智能空气净化器 Mini,智能空气净化器,苹果智能家庭,1804.81,17,0.0,30681.77
15,2024-04-30 02:35:15,CH868,菊风公司网络有限公司生物科技,2,玉梅 王,3,索尼 智能空气净化器 Standard,智能空气净化器,索尼智能科技,2750.73,13,0.0,35759.49
35,2024-05-24 19:53:34,PA717,雨林木风计算机网络有限公司移动应用开发,2,玉梅 王,8,华为 智能加湿器 Elite,智能加湿器,华为智能生活,3804.14,9,0.1,30813.53
35,2024-05-24 19:53:34,PA717,雨林木风计算机网络有限公司移动应用开发,2,玉梅 王,7,小米 智能摄像头 Plus,智能摄像头,小米智能家居,9469.31,16,0.1,136358.06
35,2024-05-24 19:53:34,PA717,雨林木风计算机网络有限公司移动应用开发,2,玉梅 王,3,索尼 智能空气净化器 Standard,智能空气净化器,索尼智能科技,2663.63,15,0.15,33961.28
35,2024-05-24 19:53:34,PA717,雨林木风计算机网络有限公司移动应用开发,2,玉梅 王,2,海尔智慧家庭 智能插座 Ultra,智能插座,海尔智慧家庭,2405.83,18,0.2,34643.95
35,2024-05-24 19:53:34,PA717,雨林木风计算机网络有限公司移动应用开发,2,玉梅 王,1,亚马逊 智能洗衣机 Lite,智能洗衣机,亚马逊智能科技,761.39,2,0.05,1446.64
50,2024-05-27 21:07:50,XD592,浙大万朋科技有限公司信息技术,3,阳 曾,10,西门子 智能冰箱 Elite,智能冰箱,西门子智能家居,8047.06,18,0.15,123120.02
50,2024-05-27 21:07:50,XD592,浙大万朋科技有限公司信息技术,3,阳 曾,7,小米 智能摄像头 Plus,智能摄像头,小米智能家居,9159.93,11,0.15,85645.34
50,2024-05-27 21:07:50,XD592,浙大万朋科技有限公司信息技术,3,阳 曾,4,苹果 智能空气净化器 Mini,智能空气净化器,苹果智能家庭,1732.58,2,0.05,3291.9
50,2024-05-27 21:07:50,XD592,浙大万朋科技有限公司信息技术,3,阳 曾,3,索尼 智能空气净化器 Standard,智能空气净化器,索尼智能科技,2751.68,14,0.05,36597.34
50,2024-05-27 21:07:50,XD592,浙大万朋科技有限公司信息技术,3,阳 曾,1,亚马逊 智能洗衣机 Lite,智能洗衣机,亚马逊智能科技,695.9,7,0.2,3897.04
75,2024-06-07 14:27:23,XD592,浙大万朋科技有限公司信息技术,1,建华 孙,10,西门子 智能冰箱 Elite,智能冰箱,西门子智能家居,8268.13,12,0.15,84334.93
75,2024-06-07 14:27:23,XD592,浙大万朋科技有限公司信息技术,1,建华 孙,6,谷歌 智能体重秤 Pro,智能体重秤,谷歌智能设备,389.53,15,0.1,5258.65
37,2024-06-13 03:41:26,II197,昂歌信息信息有限公司生物科技,3,阳 曾,7,小米 智能摄像头 Plus,智能摄像头,小米智能家居,9181.31,15,0.0,137719.65
37,2024-06-13 03:41:26,II197,昂歌信息信息有限公司生物科技,3,阳 曾,6,谷歌 智能体重秤 Pro,智能体重秤,谷歌智能设备,408.1,1,0.2,326.48
37,2024-06-13 03:41:26,II197,昂歌信息信息有限公司生物科技,3,阳 曾,4,苹果 智能空气净化器 Mini,智能空气净化器,苹果智能家庭,1841.58,14,0.0,25782.12
37,2024-06-13 03:41:26,II197,昂歌信息信息有限公司生物科技,3,阳 曾,2,海尔智慧家庭 智能插座 Ultra,智能插座,海尔智慧家庭,2417.18,20,0.0,48343.6
37,2024-06-13 03:41:26,II197,昂歌信息信息有限公司生物科技,3,阳 曾,1,亚马逊 智能洗衣机 Lite,智能洗衣机,亚马逊智能科技,731.79,11,0.2,6439.75
59,2024-06-18 23:38:23,BY082,商软冠联传媒有限公司金融科技,2,玉梅 王,2,海尔智慧家庭 智能插座 Ultra,智能插座,海尔智慧家庭,2394.22,6,0.15,12210.52
78,2024-07-05 04:23:51,BY082,商软冠联传媒有限公司金融科技,2,玉梅 王,9,LG 智能灯具 Advanced,智能灯具,LG智能家电,616.0,12,0.05,7022.4
78,2024-07-05 04:23:51,BY082,商软冠联传媒有限公司金融科技,2,玉梅 王,6,谷歌 智能体重秤 Pro,智能体重秤,谷歌智能设备,401.94,19,0.2,6109.49
98,2024-07-07 08:51:08,UX029,良诺传媒有限公司云计算,1,建华 孙,10,西门子 智能冰箱 Elite,智能冰箱,西门子智能家居,8119.92,16,0.05,123422.78
98,2024-07-07 08:51:08,UX029,良诺传媒有限公司云计算,1,建华 孙,8,华为 智能加湿器 Elite,智能加湿器,华为智能生活,3756.86,20,0.15,63866.62
98,2024-07-07 08:51:08,UX029,良诺传媒有限公司云计算,1,建华 孙,7,小米 智能摄像头 Plus,智能摄像头,小米智能家居,9025.52,2,0.2,14440.83
98,2024-07-07 08:51:08,UX029,良诺传媒有限公司云计算,1,建华 孙,6,谷歌 智能体重秤 Pro,智能体重秤,谷歌智能设备,393.98,14,0.2,4412.58
7,2024-07-27 13:15:14,YH173,网新恒天科技有限公司数字科技,3,阳 曾,8,华为 智能加湿器 Elite,智能加湿器,华为智能生活,3850.62,9,0.1,31190.02
7,2024-07-27 13:15:14,YH173,网新恒天科技有限公司数字科技,3,阳 曾,6,谷歌 智能体重秤 Pro,智能体重秤,谷歌智能设备,382.33,3,0.15,974.94
99,2024-08-07 18:19:04,EB114,华泰通安科技有限公司网络安全,1,建华 孙,4,苹果 智能空气净化器 Mini,智能空气净化器,苹果智能家庭,1788.32,19,0.05,32279.18
99,2024-08-07 18:19:04,EB114,华泰通安科技有限公司网络安全,1,建华 孙,2,海尔智慧家庭 智能插座 Ultra,智能插座,海尔智慧家庭,2312.78,15,0.0,34691.7
99,2024-08-07 18:19:04,EB114,华泰通安科技有限公司网络安全,1,建华 孙,1,亚马逊 智能洗衣机 Lite,智能洗衣机,亚马逊智能科技,752.21,9,0.05,6431.4
26,2024-08-09 09:52:12,DO811,联软传媒有限公司移动应用开发,3,阳 曾,10,西门子 智能冰箱 Elite,智能冰箱,西门子智能家居,7949.78,19,0.2,120836.66
26,2024-08-09 09:52:12,DO811,联软传媒有限公司移动应用开发,3,阳 曾,8,华为 智能加湿器 Elite,智能加湿器,华为智能生活,3803.32,14,0.15,45259.51
26,2024-08-09 09:52:12,DO811,联软传媒有限公司移动应用开发,3,阳 曾,7,小米 智能摄像头 Plus,智能摄像头,小米智能家居,9458.45,8,0.15,64317.46
26,2024-08-09 09:52:12,DO811,联软传媒有限公司移动应用开发,3,阳 曾,6,谷歌 智能体重秤 Pro,智能体重秤,谷歌智能设备,405.72,15,0.2,4868.64
26,2024-08-09 09:52:12,DO811,联软传媒有限公司移动应用开发,3,阳 曾,4,苹果 智能空气净化器 Mini,智能空气净化器,苹果智能家庭,1806.25,13,0.15,19959.06
22,2024-08-17 14:48:08,FI602,天开传媒有限公司信息技术,1,建华 孙,10,西门子 智能冰箱 Elite,智能冰箱,西门子智能家居,8525.81,1,0.1,7673.23
22,2024-08-17 14:48:08,FI602,天开传媒有限公司信息技术,1,建华 孙,9,LG 智能灯具 Advanced,智能灯具,LG智能家电,613.19,7,0.2,3433.86
22,2024-08-17 14:48:08,FI602,天开传媒有限公司信息技术,1,建华 孙,7,小米 智能摄像头 Plus,智能摄像头,小米智能家居,9440.09,13,0.0,122721.17
22,2024-08-17 14:48:08,FI602,天开传媒有限公司信息技术,1,建华 孙,4,苹果 智能空气净化器 Mini,智能空气净化器,苹果智能家庭,1858.17,7,0.1,11706.47
22,2024-08-17 14:48:08,FI602,天开传媒有限公司信息技术,1,建华 孙,1,亚马逊 智能洗衣机 Lite,智能洗衣机,亚马逊智能科技,758.61,18,0.2,10923.98
83,2024-09-04 08:39:30,HI563,济南亿次元传媒有限公司云计算,3,阳 曾,9,LG 智能灯具 Advanced,智能灯具,LG智能家电,585.26,13,0.1,6847.54
83,2024-09-04 08:39:30,HI563,济南亿次元传媒有限公司云计算,3,阳 曾,1,亚马逊 智能洗衣机 Lite,智能洗衣机,亚马逊智能科技,708.14,10,0.2,5665.12
18,2024-09-06 16:40:00,DD734,通际名联科技有限公司电子商务,3,阳 曾,4,苹果 智能空气净化器 Mini,智能空气净化器,苹果智能家庭,1850.5,3,0.1,4996.35
18,2024-09-06 16:40:00,DD734,通际名联科技有限公司电子商务,3,阳 曾,1,亚马逊 智能洗衣机 Lite,智能洗衣机,亚马逊智能科技,741.78,18,0.15,11349.23
40,2024-09-08 02:40:43,BY082,商软冠联传媒有限公司金融科技,2,玉梅 王,9,LG 智能灯具 Advanced,智能灯具,LG智能家电,578.85,7,0.05,3849.35
40,2024-09-08 02:40:43,BY082,商软冠联传媒有限公司金融科技,2,玉梅 王,8,华为 智能加湿器 Elite,智能加湿器,华为智能生活,3899.55,15,0.2,46794.6
40,2024-09-08 02:40:43,BY082,商软冠联传媒有限公司金融科技,2,玉梅 王,7,小米 智能摄像头 Plus,智能摄像头,小米智能家居,8800.77,9,0.05,75246.58
40,2024-09-08 02:40:43,BY082,商软冠联传媒有限公司金融科技,2,玉梅 王,2,海尔智慧家庭 智能插座 Ultra,智能插座,海尔智慧家庭,2262.62,1,0.0,2262.62
21,2024-09-09 09:14:04,VO164,九方科技有限公司移动应用开发,3,阳 曾,10,西门子 智能冰箱 Elite,智能冰箱,西门子智能家居,7961.94,15,0.05,113457.64
21,2024-09-09 09:14:04,VO164,九方科技有限公司移动应用开发,3,阳 曾,9,LG 智能灯具 Advanced,智能灯具,LG智能家电,569.56,11,0.05,5951.9
21,2024-09-09 09:14:04,VO164,九方科技有限公司移动应用开发,3,阳 曾,2,海尔智慧家庭 智能插座 Ultra,智能插座,海尔智慧家庭,2343.81,8,0.0,18750.48
21,2024-09-09 09:14:04,VO164,九方科技有限公司移动应用开发,3,阳 曾,1,亚马逊 智能洗衣机 Lite,智能洗衣机,亚马逊智能科技,748.06,13,0.15,8266.06
19,2024-09-15 11:50:40,YH173,网新恒天科技有限公司数字科技,2,玉梅 王,10,西门子 智能冰箱 Elite,智能冰箱,西门子智能家居,8514.22,17,0.2,115793.39
19,2024-09-15 11:50:40,YH173,网新恒天科技有限公司数字科技,2,玉梅 王,3,索尼 智能空气净化器 Standard,智能空气净化器,索尼智能科技,2594.76,1,0.0,2594.76
19,2024-09-15 11:50:40,YH173,网新恒天科技有限公司数字科技,2,玉梅 王,1,亚马逊 智能洗衣机 Lite,智能洗衣机,亚马逊智能科技,734.43,5,0.2,2937.72
38,2024-09-17 12:41:30,VO164,九方科技有限公司移动应用开发,1,建华 孙,10,西门子 智能冰箱 Elite,智能冰箱,西门子智能家居,8027.45,14,0.0,112384.3
38,2024-09-17 12:41:30,VO164,九方科技有限公司移动应用开发,1,建华 孙,2,海尔智慧家庭 智能插座 Ultra,智能插座,海尔智慧家庭,2421.46,4,0.05,9201.55
92,2024-09-22 19:23:43,CH868,菊风公司网络有限公司生物科技,1,建华 孙,1,亚马逊 智能洗衣机 Lite,智能洗衣机,亚马逊智能科技,747.06,19,0.0,14194.14
96,2024-09-23 06:49:55,DD734,通际名联科技有限公司电子商务,2,玉梅 王,7,小米 智能摄像头 Plus,智能摄像头,小米智能家居,8971.56,8,0.2,57417.98
96,2024-09-23 06:49:55,DD734,通际名联科技有限公司电子商务,2,玉梅 王,2,海尔智慧家庭 智能插座 Ultra,智能插座,海尔智慧家庭,2333.87,16,0.15,31740.63
48,2024-10-08 17:46:27,BY082,商软冠联传媒有限公司金融科技,2,玉梅 王,9,LG 智能灯具 Advanced,智能灯具,LG智能家电,595.36,8,0.15,4048.45
48,2024-10-08 17:46:27,BY082,商软冠联传媒有限公司金融科技,2,玉梅 王,4,苹果 智能空气净化器 Mini,智能空气净化器,苹果智能家庭,1863.0,15,0.2,22356.0
48,2024-10-08 17:46:27,BY082,商软冠联传媒有限公司金融科技,2,玉梅 王,2,海尔智慧家庭 智能插座 Ultra,智能插座,海尔智慧家庭,2374.68,3,0.1,6411.64
29,2024-10-20 04:00:34,EB114,华泰通安科技有限公司网络安全,3,阳 曾,6,谷歌 智能体重秤 Pro,智能体重秤,谷歌智能设备,383.94,5,0.1,1727.73
29,2024-10-20 04:00:34,EB114,华泰通安科技有限公司网络安全,3,阳 曾,4,苹果 智能空气净化器 Mini,智能空气净化器,苹果智能家庭,1819.62,5,0.2,7278.48
29,2024-10-20 04:00:34,EB114,华泰通安科技有限公司网络安全,3,阳 曾,3,索尼 智能空气净化器 Standard,智能空气净化器,索尼智能科技,2640.89,11,0.1,26144.81
29,2024-10-20 04:00:34,EB114,华泰通安科技有限公司网络安全,3,阳 曾,2,海尔智慧家庭 智能插座 Ultra,智能插座,海尔智慧家庭,2352.76,19,0.0,44702.44
88,2024-11-06 09:27:46,DD734,通际名联科技有限公司电子商务,1,建华 孙,7,小米 智能摄像头 Plus,智能摄像头,小米智能家居,9370.08,18,0.05,160228.37
88,2024-11-06 09:27:46,DD734,通际名联科技有限公司电子商务,1,建华 孙,3,索尼 智能空气净化器 Standard,智能空气净化器,索尼智能科技,2614.72,14,0.1,32945.47
16,2024-11-06 14:14:10,EB114,华泰通安科技有限公司网络安全,1,建华 孙,10,西门子 智能冰箱 Elite,智能冰箱,西门子智能家居,8514.88,14,0.15,101327.07
16,2024-11-06 14:14:10,EB114,华泰通安科技有限公司网络安全,1,建华 孙,1,亚马逊 智能洗衣机 Lite,智能洗衣机,亚马逊智能科技,743.08,4,0.1,2675.09
33,2024-11-07 16:21:01,XD592,浙大万朋科技有限公司信息技术,3,阳 曾,9,LG 智能灯具 Advanced,智能灯具,LG智能家电,580.43,9,0.0,5223.87
33,2024-11-07 16:21:01,XD592,浙大万朋科技有限公司信息技术,3,阳 曾,8,华为 智能加湿器 Elite,智能加湿器,华为智能生活,3623.75,9,0.0,32613.75
33,2024-11-07 16:21:01,XD592,浙大万朋科技有限公司信息技术,3,阳 曾,7,小米 智能摄像头 Plus,智能摄像头,小米智能家居,9658.92,11,0.05,100935.71
33,2024-11-07 16:21:01,XD592,浙大万朋科技有限公司信息技术,3,阳 曾,6,谷歌 智能体重秤 Pro,智能体重秤,谷歌智能设备,373.26,4,0.1,1343.74
94,2024-11-19 19:52:18,HI563,济南亿次元传媒有限公司云计算,3,阳 曾,10,西门子 智能冰箱 Elite,智能冰箱,西门子智能家居,8103.05,7,0.1,51049.21
94,2024-11-19 19:52:18,HI563,济南亿次元传媒有限公司云计算,3,阳 曾,9,LG 智能灯具 Advanced,智能灯具,LG智能家电,567.03,8,0.2,3628.99
94,2024-11-19 19:52:18,HI563,济南亿次元传媒有限公司云计算,3,阳 曾,2,海尔智慧家庭 智能插座 Ultra,智能插座,海尔智慧家庭,2456.3,11,0.2,21615.44
94,2024-11-19 19:52:18,HI563,济南亿次元传媒有限公司云计算,3,阳 曾,1,亚马逊 智能洗衣机 Lite,智能洗衣机,亚马逊智能科技,716.57,17,0.15,10354.44
41,2024-12-03 19:48:32,EY913,南康科技有限公司区块链技术,3,阳 曾,8,华为 智能加湿器 Elite,智能加湿器,华为智能生活,3648.1,16,0.05,55451.12
41,2024-12-03 19:48:32,EY913,南康科技有限公司区块链技术,3,阳 曾,7,小米 智能摄像头 Plus,智能摄像头,小米智能家居,9385.42,10,0.2,75083.36
41,2024-12-03 19:48:32,EY913,南康科技有限公司区块链技术,3,阳 曾,6,谷歌 智能体重秤 Pro,智能体重秤,谷歌智能设备,393.93,8,0.2,2521.15
41,2024-12-03 19:48:32,EY913,南康科技有限公司区块链技术,3,阳 曾,1,亚马逊 智能洗衣机 Lite,智能洗衣机,亚马逊智能科技,763.86,8,0.1,5499.79
55,2024-12-18 09:58:32,XD592,浙大万朋科技有限公司信息技术,3,阳 曾,10,西门子 智能冰箱 Elite,智能冰箱,西门子智能家居,8362.73,20,0.0,167254.6
55,2024-12-18 09:58:32,XD592,浙大万朋科技有限公司信息技术,3,阳 曾,9,LG 智能灯具 Advanced,智能灯具,LG智能家电,596.7,10,0.0,5967.0
55,2024-12-18 09:58:32,XD592,浙大万朋科技有限公司信息技术,3,阳 曾,8,华为 智能加湿器 Elite,智能加湿器,华为智能生活,3722.59,20,0.15,63284.03
55,2024-12-18 09:58:32,XD592,浙大万朋科技有限公司信息技术,3,阳 曾,6,谷歌 智能体重秤 Pro,智能体重秤,谷歌智能设备,390.73,7,0.2,2188.09
55,2024-12-18 09:58:32,XD592,浙大万朋科技有限公司信息技术,3,阳 曾,4,苹果 智能空气净化器 Mini,智能空气净化器,苹果智能家庭,1792.81,10,0.2,14342.48
34,2025-01-05 05:06:03,VQ571,襄樊地球村网络有限公司物联网,3,阳 曾,6,谷歌 智能体重秤 Pro,智能体重秤,谷歌智能设备,411.24,20,0.1,7402.32
97,2025-01-16 18:19:51,UX029,良诺传媒有限公司云计算,2,玉梅 王,1,亚马逊 智能洗衣机 Lite,智能洗衣机,亚马逊智能科技,702.41,13,0.1,8218.2
11,2025-02-11 03:53:14,VQ571,襄樊地球村网络有限公司物联网,1,建华 孙,10,西门子 智能冰箱 Elite,智能冰箱,西门子智能家居,8067.81,7,0.1,50827.2
11,2025-02-11 03:53:14,VQ571,襄樊地球村网络有限公司物联网,1,建华 孙,9,LG 智能灯具 Advanced,智能灯具,LG智能家电,587.04,13,0.1,6868.37
11,2025-02-11 03:53:14,VQ571,襄樊地球村网络有限公司物联网,1,建华 孙,3,索尼 智能空气净化器 Standard,智能空气净化器,索尼智能科技,2707.48,15,0.1,36550.98
11,2025-02-11 03:53:14,VQ571,襄樊地球村网络有限公司物联网,1,建华 孙,2,海尔智慧家庭 智能插座 Ultra,智能插座,海尔智慧家庭,2262.4,17,0.05,36537.76
8,2025-02-20 13:24:16,YH173,网新恒天科技有限公司数字科技,3,阳 曾,8,华为 智能加湿器 Elite,智能加湿器,华为智能生活,3605.52,13,0.1,42184.58
8,2025-02-20 13:24:16,YH173,网新恒天科技有限公司数字科技,3,阳 曾,1,亚马逊 智能洗衣机 Lite,智能洗衣机,亚马逊智能科技,743.93,12,0.05,8480.8
67,2025-02-23 11:05:42,YH173,网新恒天科技有限公司数字科技,1,建华 孙,10,西门子 智能冰箱 Elite,智能冰箱,西门子智能家居,8179.81,18,0.0,147236.58
67,2025-02-23 11:05:42,YH173,网新恒天科技有限公司数字科技,1,建华 孙,8,华为 智能加湿器 Elite,智能加湿器,华为智能生活,3876.41,19,0.15,62604.02
24,2025-02-24 00:13:25,NK179,同兴万点传媒有限公司虚拟现实,2,玉梅 王,6,谷歌 智能体重秤 Pro,智能体重秤,谷歌智能设备,394.68,16,0.1,5683.39
24,2025-02-24 00:13:25,NK179,同兴万点传媒有限公司虚拟现实,2,玉梅 王,3,索尼 智能空气净化器 Standard,智能空气净化器,索尼智能科技,2783.21,20,0.15,47314.57
6,2025-03-07 04:12:11,EB114,华泰通安科技有限公司网络安全,1,建华 孙,9,LG 智能灯具 Advanced,智能灯具,LG智能家电,607.58,11,0.1,6015.04
6,2025-03-07 04:12:11,EB114,华泰通安科技有限公司网络安全,1,建华 孙,7,小米 智能摄像头 Plus,智能摄像头,小米智能家居,9378.7,18,0.1,151934.94
93,2025-03-08 11:49:43,DD734,通际名联科技有限公司电子商务,1,建华 孙,2,海尔智慧家庭 智能插座 Ultra,智能插座,海尔智慧家庭,2426.58,19,0.05,43799.77
93,2025-03-08 11:49:43,DD734,通际名联科技有限公司电子商务,1,建华 孙,1,亚马逊 智能洗衣机 Lite,智能洗衣机,亚马逊智能科技,744.74,7,0.2,4170.54
28,2025-03-08 16:24:39,II197,昂歌信息信息有限公司生物科技,1,建华 孙,9,LG 智能灯具 Advanced,智能灯具,LG智能家电,594.07,3,0.1,1603.99
28,2025-03-08 16:24:39,II197,昂歌信息信息有限公司生物科技,1,建华 孙,7,小米 智能摄像头 Plus,智能摄像头,小米智能家居,8830.01,17,0.15,127593.64
28,2025-03-08 16:24:39,II197,昂歌信息信息有限公司生物科技,1,建华 孙,3,索尼 智能空气净化器 Standard,智能空气净化器,索尼智能科技,2615.66,20,0.0,52313.2
28,2025-03-08 16:24:39,II197,昂歌信息信息有限公司生物科技,1,建华 孙,2,海尔智慧家庭 智能插座 Ultra,智能插座,海尔智慧家庭,2333.45,6,0.15,11900.59
28,2025-03-08 16:24:39,II197,昂歌信息信息有限公司生物科技,1,建华 孙,1,亚马逊 智能洗衣机 Lite,智能洗衣机,亚马逊智能科技,746.87,10,0.05,7095.26
49,2025-03-13 18:47:11,II197,昂歌信息信息有限公司生物科技,3,阳 曾,10,西门子 智能冰箱 Elite,智能冰箱,西门子智能家居,8119.17,14,0.15,96618.12
49,2025-03-13 18:47:11,II197,昂歌信息信息有限公司生物科技,3,阳 曾,9,LG 智能灯具 Advanced,智能灯具,LG智能家电,568.71,11,0.15,5317.44
49,2025-03-13 18:47:11,II197,昂歌信息信息有限公司生物科技,3,阳 曾,7,小米 智能摄像头 Plus,智能摄像头,小米智能家居,9212.51,12,0.2,88440.1
39,2025-03-14 15:22:52,VQ571,襄樊地球村网络有限公司物联网,3,阳 曾,10,西门子 智能冰箱 Elite,智能冰箱,西门子智能家居,8656.03,4,0.15,29430.5
39,2025-03-14 15:22:52,VQ571,襄樊地球村网络有限公司物联网,3,阳 曾,8,华为 智能加湿器 Elite,智能加湿器,华为智能生活,3611.2,5,0.1,16250.4
39,2025-03-14 15:22:52,VQ571,襄樊地球村网络有限公司物联网,3,阳 曾,4,苹果 智能空气净化器 Mini,智能空气净化器,苹果智能家庭,1860.28,8,0.2,11905.79
39,2025-03-14 15:22:52,VQ571,襄樊地球村网络有限公司物联网,3,阳 曾,3,索尼 智能空气净化器 Standard,智能空气净化器,索尼智能科技,2708.67,12,0.1,29253.64
39,2025-03-14 15:22:52,VQ571,襄樊地球村网络有限公司物联网,3,阳 曾,2,海尔智慧家庭 智能插座 Ultra,智能插座,海尔智慧家庭,2369.7,19,0.0,45024.3
60,2025-03-17 00:42:32,ER549,太极传媒有限公司信息技术,3,阳 曾,8,华为 智能加湿器 Elite,智能加湿器,华为智能生活,3648.05,4,0.1,13132.98
60,2025-03-17 00:42:32,ER549,太极传媒有限公司信息技术,3,阳 曾,7,小米 智能摄像头 Plus,智能摄像头,小米智能家居,9285.36,3,0.1,25070.47
82,2025-03-25 22:29:22,XD592,浙大万朋科技有限公司信息技术,3,阳 曾,10,西门子 智能冰箱 Elite,智能冰箱,西门子智能家居,8299.68,9,0.1,67227.41
82,2025-03-25 22:29:22,XD592,浙大万朋科技有限公司信息技术,3,阳 曾,9,LG 智能灯具 Advanced,智能灯具,LG智能家电,577.99,3,0.05,1647.27
82,2025-03-25 22:29:22,XD592,浙大万朋科技有限公司信息技术,3,阳 曾,3,索尼 智能空气净化器 Standard,智能空气净化器,索尼智能科技,2778.42,6,0.0,16670.52
82,2025-03-25 22:29:22,XD592,浙大万朋科技有限公司信息技术,3,阳 曾,1,亚马逊 智能洗衣机 Lite,智能洗衣机,亚马逊智能科技,719.99,12,0.1,7775.89
47,2025-04-06 18:18:54,UX029,良诺传媒有限公司云计算,1,建华 孙,10,西门子 智能冰箱 Elite,智能冰箱,西门子智能家居,8147.42,12,0.05,92880.59
47,2025-04-06 18:18:54,UX029,良诺传媒有限公司云计算,1,建华 孙,8,华为 智能加湿器 Elite,智能加湿器,华为智能生活,3786.98,5,0.0,18934.9
47,2025-04-06 18:18:54,UX029,良诺传媒有限公司云计算,1,建华 孙,7,小米 智能摄像头 Plus,智能摄像头,小米智能家居,9392.14,3,0.15,23949.96
47,2025-04-06 18:18:54,UX029,良诺传媒有限公司云计算,1,建华 孙,4,苹果 智能空气净化器 Mini,智能空气净化器,苹果智能家庭,1821.9,16,0.1,26235.36
